user,project
davidaarmstrong,factorplot
tdhock,inlinedocs
cbeleites,inlinedocs
jmoeys,inlinedocs
kmpont,inlinedocs
phgrosjean,inlinedocs
tomaschwutz,inlinedocs
martinkober,mgmtsc-wu
geroldk,mgmtsc-wu
martin,mgmtsc-wu
nops,mgmtsc-wu
reini,mgmtsc-wu
ceeboo,mar
ninka,mar
joe,termstrc
khornik,termstrc
rbrt,termstrc
feinerer,parc
khornik,parc
reini,parc
azeileis,zoo
felix,zoo
ggrothendieck,zoo
jryan,zoo
khornik,zoo
azeileis,art
jfox,art
sanfordweisberg,art
azeileis,colorspace
paul,colorspace
ihaka,colorspace
azeileis,fxregime
ajayshah,fxregime
anmolsethy,fxregime
hahsler,tsp
ceeboo,tsp
khornik,tsp
jfox,heplots
friendly,heplots
georgesmonette,heplots
ritz,drc
andreaonofri,drc
jcs,drc
bellis,ffi
jhorner,brew
leisch,biclust
kingsebi,biclust
msill,biclust
rodrigo,biclust
thamiakova,biclust
zivshkedy,biclust
jsnel,timp
kmm,timp
lsp,timp
maier,erm
pmair,erm
hatz,erm
trusch,erm
azeileis,site
dmeyer,site
khornik,site
maier,site
martinkober,site
ligges,site
kraetzig,jmultir
ozgurersin,jmultir
hahsler,arules
ceeboo,arules
khornik,arules
dmbates,nraia
azeileis,ctv
gruen,ctv
bwhitcher,ctv
bcomeara,ctv
dutangc,ctv
edd,ctv
fwild,ctv
leisch,ctv
gsimpson,ctv
gmontana,ctv
jfox,ctv
kmm,ctv
khornik,ctv
mmaechler,ctv
templ,ctv
kuhn,ctv
pmair,ctv
phewson,ctv
hatz,ctv
hyndman,ctv
rsbivand,ctv
rwehrens,ctv
sorenh,ctv
thothorn,ctv
ugroempi,ctv
azeileis,fortunes
leisch,fortunes
khornik,fortunes
mmaechler,fortunes
thothorn,fortunes
ligges,fortunes
ligges,scatterplot3d
ligges,klar
skrey,klar
ligges,tuner
olafm,tuner
leissen,tuner
skrey,tuner
stefantewes,tuner
jsnel,timpgui
lsp,timpgui
kmm,timpgui
ralfseger,timpgui
olgach,timpgui
hoehle,surveillance
mpaul,surveillance
wastl,surveillance
valentin,surveillance
alex,pbsmodelling
schnutej,pbsmodelling
rbrt,electricity
thothorn,mboost
hofner,mboost
fabian,mboost
sobotka,mboost
schmidm,mboost
kneib,mboost
byandell,pda
danlin,ori
sen,qtldesign
critter,kritterbox
gsawitzki,lshorth
weigand,twrap
astaines,lifetables
dwinsemius,lifetables
lexy-lou,loopanalyst
gkerns,ipsur
mmaechler,robustbase
valentint,robustbase
rkst,robustbase
claudio,robustbase
kollerma,robustbase
matias,robustbase
dmbates,lme4
mmaechler,lme4
bbolker,lme4
vasishth,lme4
dmbates,matrix
mmaechler,matrix
epitools,epitools
bpfaff,urca
matthieu,urca
bpfaff,vars
matthieu,vars
ptn2,sparsem
rkoenker,sparsem
tobias_verbeke,lognorm
gsimpson,vegan
jarioksa,vegan
gblanchet,vegan
hankstevens,vegan
wagnerh1,vegan
psolymos,vegan
plegendre,vegan
gsimpson,analogue
jarioksa,analogue
maarten,mcplr
spencerg,dierckxspline
sdorairaj,dierckxspline
gabriel,lifeinsgrsim
ligges,rwinedt
mathieu_ribatet,pot
dmbates,applong
sluque,applong
andrewr,applong
deleeuw,psychor
pmair,psychor
khornik,psychor
dsteuer,desire
gerdkopp,desire
trautmann,desire
eveslage,desire
olafm,desire
ligges,desire
aw2404,reliability
ggrothendieck,fints
spencerg,fints
tstoyc,fints
taram,rhmm
sba,rhmm
kjell,robust
mmaechler,robust
florian,distr
stamats,distr
horbenko,distr
pgilbert,distr
ruckdeschel,distr
stabla,distr
anhuel,distr
ifrin,distr
jdospina,distr
kowzar,distr
bspangl,robkalman
ruckdeschel,robkalman
chirila,robkalman
irinaursachi,robkalman
jcprihon,robkalman
bspangl,robust-ts
kboudt,robust-ts
ruckdeschel,robust-ts
rfried,robust-ts
claudio,robust-ts
stamats,robust-ts
claudio,circular
ulund,circular
charles,circular
federicorotolo,circular
jiho,circular
jbrzusto,circular
nikosvallianos,circular
filzmoser,chemometrics
jbrzusto,radr
kchine,biocep
xtof,star
ilvisne,rgg
khornik,rglp
stefan7th,rglp
eaglek,rglp
pakalee,rglp
skli,psm
stigbm,psm
tonig,dtw
paolotormene,dtw
gsawitzki,bertin
paul,graphicsqc
stephen,graphicsqc
danlin,isogene
setiapramana,isogene
tobias_verbeke,isogene
knoblauch,mpdir
ltmaloney,mpdir
dhlahre,orbit
mpierce,orbit
bbolker,phyloc
bcomeara,phyloc
dlr32,phyloc
davidorme,phyloc
emmanuel,phyloc
eghunt,phyloc
hlapp,phyloc
lukeh,phyloc
mbutler,phyloc
skembel,phyloc
jombart,phyloc
andrew_hipp,phyloc
damdam81,phyloc
davidswofford,phyloc
zwickl,phyloc
mtholder,phyloc
pdc,phyloc
pmidford,phyloc
rickdesper,phyloc
rscherle,phyloc
tjv,phyloc
wmaddisn,phyloc
nikko18,mstree
nikko18,covertree
dmbates,expm
mmaechler,expm
vincent,expm
dutangc,expm
davidf,expm
deepayan,lmdvr
bxc,epi
plummer,epi
bbolker,phylobase
francois,phylobase
mbutler,phylobase
pdc,phylobase
skembel,phylobase
jombart,phylobase
amackey,phylobase
bcomeara,phylobase
damdam81,phylobase
davidorme,phylobase
zwickl,phylobase
edd,phylobase
hlapp,phylobase
regetz,phylobase
klausnz,phylobase
mtholder,phylobase
erik,sisus
khornik,rsymphony
hcorrada,rsymphony
reini,rsymphony
stefan7th,rsymphony
eghunt,paleots
edd,rquantlib
knguyen,rquantlib
jryan,xts
bodanker,xts
azeileis,xts
ggrothendieck,xts
bodanker,ttr
jryan,ttr
jombart,adegenet
ismail,adegenet
psolymos,adegenet
psolymos,mefa
mkschneider,mefa
esharef,splinesurv
gkerns,prob
jryan,quantmod
braverock,quantmod
bodanker,quantmod
phewson,rbooks
stamats,robast
ruckdeschel,robast
horbenko,robast
toreopsahl,tnet
pdc,picante
skembel,picante
hmorlon,picante
mrhelmus,picante
will_cornwell,picante
gilesh,fda
ramsay,fda
spencerg,fda
webtraveller,vwgh
khornik,vwgh
martinkober,vwgh
mkober,vwgh
wincent,rqda
mako,rqda
gehao,rqda
luwo,mpm
rverbeec,mpm
tobias_verbeke,mpm
davidorme,caic
hahsler,seriation
ceeboo,seriation
khornik,seriation
mhubert,libra
vbovens,libra
tobias_verbeke,libra
gsawitzki,sintro
kjell,lpsolve
petzoldt,simecol
karlines,simecol
goosie,simecol
jezwe,cfmdfi
ingmarvisser,depmix
maarten,depmix
boogaart,qualv
petzoldt,qualv
kevinz,uscensus2000
srjafarzadeh,stdt
edd,digest
henrikb,digest
edd,rcpp
romain,rcpp
dmbates,rcpp
jmc,rcpp
ellis,rmetrics
wuertz,rmetrics
chalabi,rmetrics
cdong,rmetrics
dutangc,rmetrics
luda,rmetrics
dscott,rmetrics
fgrimson,rmetrics
fgochez,rmetrics
hamaadshah,rmetrics
jurihinz,rmetrics
msperlin,rmetrics
mmaechler,rmetrics
mdebon,rmetrics
savicky,rmetrics
pherb,rmetrics
chaussep,rmetrics
guirreri,rmetrics
otis,rmetrics
spencerg,rmetrics
stefan7th,rmetrics
swilhelm,rmetrics
hcorrada,rcsdp
anainesvs,pedigreemm
dmbates,pedigreemm
baptiste,photonics
eltadcirad,photonics
matthias_tu,ameli
alexios1175,rino
stefan7th,rino
webtraveller,rino
khornik,rino
martinkober,rino
kchine,biocep-distrib
pmair,survweb
edzer,asdar
rmott,happy
karlines,desolve
petzoldt,desolve
setzer,desolve
orcaforge,statet
tobias_verbeke,statet
nraghavan,mlp
tobias_verbeke,mlp
thothorn,mvtnorm
bbnkmp,mvtnorm
bretz,mvtnorm
leisch,mvtnorm
mi_xue_fei,mvtnorm
thothorn,multcomp
schuemei,multcomp
bretz,multcomp
jbrzusto,hkey
dick,limsolve
karel_vdm,limsolve
karlines,limsolve
syclik,arm
malecki,arm
yusung,arm
masanao,arm
bbolker,bbmle
karel_vdm,bce
karlines,bce
pieterprovoost,bce
jbarnier,rgrs
virgil,spatialkernel
virgil,sae
gsimpson,cocorresp
rsbivand,spdep
gpiras,spdep
manuel,roxygen
pcd,roxygen
berndbischl,roxygen
hadley,roxygen
bokov,rmodest
jaylaw,iha
robertwb,iha
sarchfield,iha
setzer,rdynamic
syclik,mi-dev
jlhillny,mi-dev
masanao,mi-dev
yusung,mi-dev
bgoodri,mi-dev
yusung,r2jags
masanao,r2jags
bbolker,mixstock
karlines,rootsolve
petzoldt,rootsolve
kingsebi,devnet
phgrosjean,pastecs
tadakado,pdf2
tobias_verbeke,pdf2
phgrosjean,sciviews
bernddude,sciviews
jcf,sciviews
prezez,sciviews
mariotomo,sciviews
romain,sciviews
sander69,sciviews
sdray,sedar
gblanchet,sedar
gsimpson,sedar
jarioksa,sedar
thioulouse,sedar
psolymos,sedar
legendre,sedar
rsbivand,sedar
jombart,sedar
bodanker,opentick
jryan,opentick
thioulouse,ade4tkgui
sdray,ade4tkgui
kittyye,desirability
kuhn,desirability
abdufour,ade4
sdray,ade4
thioulouse,ade4
spavoine,ade4
simonpenel,ade4
jombart,ade4
kuhn,caret
esharef,blupsurv
mithun,r-solaris
aleszib,blockmodeling
kuhn,rlsf
pooryorick,rlsf
cgwager,ztricks
dmbates,ztricks
pakalee,nada
jaylaw,nada
pakalee,glpk
lluang,glpk
yihui,animation
leeplusx,animation
wincent,animation
hlin,animation
road2stat,animation
yintengfei,animation
kjell,rhugin
biooss,sensitivity
pujol,sensitivity
cyrille,sensitivity
saintgeours,sensitivity
isix,arvore
jcf,bpca
hlapp,rmesquite
dmaddisn,rmesquite
wmaddisn,rmesquite
kingaa,pomp
spe2,pomp
bodanker,pack
kingaa,ouch
mbutler,ouch
jcf,tinnr
bcomeara,treevo
bbanbury,treevo
yusung,armlite
lobry,seqinr
simonpenel,seqinr
mousset,seqinr
gumpleon,rcppbind
dmbates,grho
jpgoeser,grho
romain,operators
cbrown,operators
fgochez,operators
phgrosjean,operators
romain,r4x
fgochez,r4x
gjw,r4x
amlg,biplotgui
bcomeara,phylohelper
mbutler,phylohelper
zakalisz,phylohelper
francois,phylohelper
ivalu,phylohelper
tjdavies,phylohelper
wagnerce,phylohelper
cadotte,phylohelper
mcornwal,phylohelper
mrmckain,phylohelper
loarie,phylohelper
sds21,phylohelper
thclarke,phylohelper
mrmckain,apt
hcorrada,rcplex
khornik,rcplex
stefan7th,rcplex
alexios1175,rcsi
therneau,survival
tlumley,survival
dick,lim
karlines,lim
deepayan,latticeextra
felix,latticeextra
murdoch,sweavesearch
dadler,rgl
murdoch,rgl
landroni,rsitesearch
romain,rsitesearch
spencerg,rsitesearch
sdorairaj,rsitesearch
jamitzky,romp
jporzak,dma
jezwe,irt
adetayo_kasim,orcme
danlin,orcme
tobias_verbeke,orcme
mdowle,datatable
lianos,datatable
tshort,datatable
dnadave,gsdesign
keaven,gsdesign
wconstan,gsdesign
bohuang2008,gsdesign
drjclark,gsdesign
maxisit,gsdesign
arne,systemfit
hamannj,systemfit
smeyer,systemfit
mbojan,rgraph6
jebyrnes,sem-additions
jfox,sem
jebyrnes,sem
blundellc,cran2deb
edd,cran2deb
moeller,cran2deb
ajtravis,cran2deb
filipm,reactran
karlines,reactran
petzoldt,reactran
rhijmans,r-gis
jperlman,r-gis
tobias_verbeke,sda
claudio,localdepth
romanazzi,localdepth
cogito,aeg
wdweeda,arf
raoul,arf
arne,maxlik
otoomet,maxlik
spencerg,maxlik
jfox,rcmdr
arne,sampleselection
otoomet,sampleselection
arne,micecon
geraldine,micecon
otoomet,micecon
pedrobrasil,diagnosismed
tura,diagnosismed
marcionicolau,diagnosismed
roliveira,diagnosismed
jfox,effects
sutashu,myrrh
azeileis,partykit
carolin,partykit
eva,partykit
thomasgrubinger,partykit
thothorn,partykit
bourgon,intervals
anikoszabo,corrbin
lukas,simsalabim
asl,simsalabim
dkondras,simsalabim
mathieu_ribatet,spatialextremes
apurvis,paleophylo
tezard,paleophylo
filipm,marelac
karlines,marelac
petzoldt,marelac
lmeire,marelac
jperkins,qpcr
stamats,qpcr
ffivaz,grasp
barryrowlingson,geonames
edzer,geonames
barryrowlingson,imagemap
manuel,archetypes
barryrowlingson,joiner
pereiras,joiner
patrick,joiner
arne,frontier
bernardo,frontier
adragulescu,rib
barryrowlingson,stpp
gabriele,stpp
kylemer,regr
jfox,polycor
rajarshi,fingerprint
lutong,glmmbugs
patrick,glmmbugs
yeli,glmmbugs
bbolker,glmmbugs
stefan7th,aix
dmeyer,aix
nakama,aix
bartucca,aix
khornik,aix
ahofmann,aquaenv
filipm,aquaenv
karlines,aquaenv
rajarshi,rcdk
jranke,rcdk
miguelrojasch,rcdk
rajarshi,rcdklibs
tobias_verbeke,nlcv
wtalloen,nlcv
hofner,coxflexboost
mbeer,hepi
masanao,ssa
pcrutcher,ssa
alexios1175,rbestfit
jfox,candisc
friendly,candisc
rhijmans,raster
jacobvanetten,raster
mldelignette,riskassessment
rpouillot,riskassessment
dutangc,riskassessment
danalk,riskassessment
jbdenis,riskassessment
jacobvanetten,gdistance
alexios1175,spd
mbaroni,zipfr
schtepf,zipfr
schtepf,collocations
andrew_hipp,mattice
amesclir,mattice
rajarshi,rpubchem
miguelrojasch,rpubchem
brunolafourcade,biomod
dgeorges,biomod
rengler,biomod
thuiller,biomod
whordijk,biomod
sdray,adephylo
jombart,adephylo
pgilbert,tsdbi
bellis,rllvm
khornik,roi
stefan7th,roi
dmeyer,roi
jfox,dfdb-rodbc
ogcruz,dfdb-rodbc
rakosnicek,doe
alisha,diseasemapping
lutong,diseasemapping
patrick,diseasemapping
pnguyen,diseasemapping
mcbsspn,diseasemapping
yeli,diseasemapping
billy,diseasemapping
silvia,diseasemapping
virgil,diseasemapping
jfox,rcmdrsurvplugin
dannyl,rcmdrsurvplugin
alexios1175,pmoments
rune,ucminf
stigbm,ucminf
braverock,blotter
edd,blotter
jryan,blotter
peter_carl,blotter
jonathan,blotter
bodanker,blotter
kboudt,blotter
llevenson,blotter
wobwu22,blotter
cyrforge,blotter
filipm,fme
karlines,fme
petzoldt,fme
karel_vdm,fme
mjlaine,fme
ejardim,flr
imosqueira,flr
fscott,flr
lauriekell,flr
mkienzle,flr
m_payne,flr
chockstar,flr
rmh1977,flr
robscott,flr
santiago,flr
youkey,netomography
petzoldt,cardidates
goosie,cardidates
rolinski,cardidates
dbpercival,wmtsa
wconstan,wmtsa
bwhitcher,wmtsa
bohuang2008,optimphase2
snthomas99,optimphase2
manuel,benchmark
azeileis,formula
arne,formula
ycroissant,formula
gattuso,seacarb
phgrosjean,seacarb
ahofmann,seacarb
hlavigne,seacarb
karlines,seacarb
cchoirat,quaddisc
edd,random
wincent,asrr
stvjc,yags
hatz,prefmod
azeileis,prefmod
carolin,prefmod
fwickel,prefmod
cameronbracken,pgfsweave
cls59,pgfsweave
tezard,splits
tfuji,splits
masanao,autograph
yusung,autograph
rhijmans,cropsim
ahsparks,cropsim
jaunario,cropsim
bpfaff,gogarch
lhc,sparselda
kuhn,sparselda
ekwan,vcdextra
friendly,vcdextra
azeileis,vcdextra
dmeyer,vcdextra
murdoch,vcdextra
stsdan,vcdextra
alexios1175,rgarch
kuhn,contrast
pooryorick,contrast
kuhn,odfweave
pooryorick,odfweave
weston,odfweave
lenonpat,odfweave
otlesz,odfweave
karlines,diagram
petzoldt,diagram
thothorn,chaid
elachuni,chaid
justo,chaid
sthiemichen,chaid
wlamagna,chaid
feinerer,tm
gruen,tm
ceeboo,tm
dmeyer,tm
fwild,tm
khornik,tm
stefan7th,tm
arne,econmisc
otoomet,econmisc
prezez,mumin
rlenth,piface
tobias_verbeke,piface
am315,geograph
jombart,geograph
henrikb,matrixstats
markrobinsonca,matrixstats
pierre,matrixstats
rsbivand,spdep2
gpiras,spdep2
azeileis,vcd
dmeyer,vcd
khornik,vcd
friendly,vcd
gpiras,splm
the_sculler,splm
aglaborte,remotesensing
rhijmans,remotesensing
ychemin,remotesensing
andynelson,remotesensing
jaunario,remotesensing
pcharlto,remotesensing
sonia,remotesensing
umairrs,remotesensing
edd,rinside
romain,rinside
dutangc,distributions
luda,distributions
gkerns,distributions
stamats,distributions
ruckdeschel,distributions
tobias_verbeke,distributions
edd,earthmovdist
rkrug,earthmovdist
davidzeleny,ordijuice
vahidpartovinia,labeltodendro
vahidpartovinia,bclust
tpoisot,bgpe
phgrosjean,zooimage
jensr,zooimage
kevin,zooimage
romain,zooimage
akiermeier,methcomp
bxc,methcomp
lgurrin,methcomp
mfigrs,methcomp
jaunario,rodbcext
cbeleites,hyperspec
sebble,hyperspec
timo,hyperspec
flobarenty,nlstools
mldelignette,nlstools
meghapatnaik,qrdecupdate
matthieu,qrdecupdate
bwhitcher,waveslim
sofiaolhede,waveslim
aleszib,clustddist
natasak,clustddist
scerne,clustddist
vlado,clustddist
danlin,uhcluster
suzyvansanden,uhcluster
arthur,uhcluster
philippe,uhcluster
setia,uhcluster
thamiakova,uhcluster
zivshkedy,uhcluster
barky,quantlab
baptiste,ggplot-add-ons
jrauch,langid
pmair,langid
feinerer,langid
khornik,langid
srjafarzadeh,diagnosis
vvaidy,past
marcschwartz,writexls
ejardim,fresh
imosqueira,fresh
filipm,bioturbation
karlines,bioturbation
pieterprovoost,bioturbation
murdoch,highlight
romain,highlight
raicheg,catsim
mmaechler,rmpfr
drosen,hadoopstreaming
mpastell,animal
knimon,yhat
kylemer,yhat
mgates,yhat
rlbuckwa,yhat
dmbates,engrexpt
boulderstats,engrexpt
weitaiyun,fun
yihui,fun
yixuan,fun
dfs700,spsextante
promansk,fselector
nashjc,optimizer
kmm,optimizer
pgilbert,optimizer
dutangc,optimizer
dmbates,optimizer
rvaradh1,optimizer
sdorairaj,optimizer
yixuan,optimizer
hahsler,recommenderlab
hahsler,remm
jonesor,rcolony
mazzia,bvpsolve
karlines,bvpsolve
petzoldt,bvpsolve
francois,pan
hindahaned,forensim
thoree,forensim
xwei,rgospiro
romain,r2html
lecoutre,r2html
spencerg,r2html
the_sculler,plm
ycroissant,plm
azeileis,plm
arne,plm
kleiber,plm
otoomet,plm
taram,rregarch
wilsonj,pcs
drosen,rhadoop
feinerer,rhadoop
stefan7th,rhadoop
riesenh,rhadoop
mannau,rhadoop
biostatmatt,profdpm
dreusser,r-hydro
wbuytaert,r-hydro
kingaa,subplex
ycroissant,mlogit
ycroissant,rlogit
ycroissant,truncreg
azeileis,truncreg
ycroissant,mhurdle
sjlhoaro,mhurdle
ndodder,orgmassspecr
kmm,orgmassspecr
felix_s,tripler
mitja,tripler
schmukle,tripler
manuel,metlab
mariane,metlab
tobias_verbeke,metlab
bkoopfer,rjemm
hahsler,rjemm
cflener,hab-bathy
alexgribov,seurat
msill,seurat
aarsta,gsmoothr
dario,gsmoothr
markrobinsonca,gsmoothr
svn_rss,gsmoothr
amarkos,catkgui
cjgb,colbycol
olg,rniftilib
bwhitcher,rniftilib
henrikb,r-dots
pierre,r-dots
henrikb,aroma-dots
markrobinsonca,aroma-dots
pierre,aroma-dots
georgesmonette,spida
friendly,spida
georgesmonette,p3d
friendly,p3d
raoul,swale
wdweeda,swale
henrikb,mpcbs
nrzhang,mpcbs
hrue,inla
martino,inla
barryrowlingson,colourscheme
bwhitcher,rwave
helmingstay,rwave
johnros,mcp
bwhitcher,dicom
garethbarker,dicom
sofiaolhede,dicom
cameronbracken,tikzdevice
cls59,tikzdevice
croosen,spotfire
timhess,rsap
serbgoalie13,rsap
sotoc,rsap
kooskers,rsap
madsenm,rsap
commando1968,rsap
gregridgeway,gbm
harrys,gbm
bkriegler39,gbm
gsanchez,plspm
lautrink,plspm
erez,haarseg
henrikb,haarseg
phupe,haarseg
yonina,haarseg
relund,mdp
ycroissant,hlogit
frederikl,toxwebs
karlines,toxwebs
agro,enquirer
mcadoret,enquirer
sle,enquirer
gfournier,enquirer
phgrosjean,rimagej
romain,rimagej
mloecher,rgmaps
lyonsquark,roottreetor
deepayan,qtinterfaces
lawremi,qtinterfaces
edd,qtinterfaces
hadley,qtinterfaces
justintalbot,qtinterfaces
tdhock,sublogo
kjell,drm
kjell,sbr
oldbeggar,corrplot
weitaiyun,corrplot
karlines,primprod
tcox,primprod
kprins,mstoolkit
mks21471,mstoolkit
rpugh,mstoolkit
johankoskinen,rsiena
ripleyrm,rsiena
tomsnijders,rsiena
cgreenan,rsiena
steglich,rsiena
gconaldi,rsiena
johninpdx,rsiena
jalospinoso,rsiena
mtonellato,rsiena
natalie,rsiena
preciado,rsiena
cjgb,adgoftest
ebengoechea,mframe
ebengoechea,piutils
elaliberte,fdiversity
iacus,sde
oliviercrespo,xpos-r
apsimcomputer,xpos-r
chickendrinker,xpos-r
mtadross,xpos-r
sepo,xpos-r
felix_s,wrs
avrenli2,wrs
rwilcox,wrs
berndbischl,jhlir
kornel,jhlir
waeltken,jhlir
romain,jhlir
pengchy,cgsea
schmidb,gamesnws
grafab,gamesnws
jryan,rberkeley
edd,rberkeley
yurii,rberkeley
carslaw,openair
karl,openair
blairc,openair
js229,vennerable
rmsams,tradesys
tomanizer,tradesys
cwjacksonjr,ambur
gpiras,sphet
rsbivand,sphet
carslaw,pems
karl,pems
feitonyliu,iforest
ebengoechea,dimmeta
lgautier,dimmeta
tdhock,directlabels
hjiang,deffbinary
patrick,deffbinary
joehl,ff
dadler,ff
lecao,me-integrate
bodanker,lspm
sorenmacbeth,lspm
trevorld,optparse
hmdc,zelig
dbpercival,sapa
wconstan,sapa
dbpercival,fractal
wconstan,fractal
dbpercival,splus2r
wconstan,splus2r
dbpercival,ifultools
wconstan,ifultools
xing,pscn
haochen,pscn
nrzhang,pscn
guirreri,yield-curve
bodanker,yield-curve
berndbischl,mlr
olafm,mlr
arnu,mlr
heike,mlr
schiffner,mlr
borg,mlr
klausi,mlr
kornel,mlr
oflasch,mlr
olli,mlr
stefanhess,mlr
derstefan,mlr
bbuchsbaum,neuroim
bwhitcher,neuroim
mathieu_gautier,nicholsonppp
tdhock,nicholsonppp
cjgb,rserlang
keisuke,rserlang
uweziegenhagen,rserlang
raoul,eeg
markspan,eeg
wdweeda,eeg
schmidb,aedatamanage
barryrowlingson,webmaps
ian_long,remoterengine
romain,remoterengine
berndbischl,remoterengine
romain,orchestra
berndbischl,orchestra
kornel,orchestra
lckarssen,genabel
lan,genabel
yurii,genabel
kianvl,genabel
chernyh,genabel
dfabregat,genabel
erikroos,genabel
maksim,genabel
marcelk,genabel
stiv,genabel
suman762,genabel
wja,genabel
baptiste,gridextra
psolymos,dcr
felix_s,blockr
omega1x,osc
bertcarnell,lhs
dhfoster,modelfree
imarinf,modelfree
kzychaluk,modelfree
dalebarr,gmpm
lexinl,dr
lucascr,dr
sanfordweisberg,dr
fguilhaumon,mmsar
felix_s,futils
hadley,tourr
mhofmann,mcs
azeileis,mcs
cgatu,mcs
tobias_verbeke,a4
wtalloen,a4
sosselae,a4
wligtenberg,a4
adragulescu,rgoogledata
hecvi,satin
tobias_verbeke,hellojavaworld
romain,hellojavaworld
azeileis,countreg
kleiber,countreg
ebo,epinetics
chaussep,gmm
cjgb,uroot
cjgb,partsm
klaus,lava
bxc,lava
tag,lava
scheike,lava
ugoday,rgmdh
maarten,msvm4r
dirienzojulio,lsmeans
mariadelcromero,lsmeans
jfox,car
sanfordweisberg,car
richarddmorey,hybridmc
janvb,bfast
azeileis,bfast
new298,bfast
hyndman,bfast
mdsumner,trip123
andyliaw,randomforest
bryanhanson,chemospec
dahinds,gtdb
jbleyhl,gtdb
smc77,rns3
naras,srs
smc77,rboinc
relund,testcpp
angelabohn,ewc
feinerer,ewc
khornik,ewc
nops,ewc
pmair,ewc
stheussl,ewc
syclik,mrp
malecki,mrp
yusung,mrp
felix,dream
josephguillaume,dream
danielinteract,bfp
cameronbracken,swfdevice
richarddmorey,wmcapacity
blairc,spt
michaelmilton,spt
virgil,spt
dchapsky,pushgp-r
jpk07,pushgp-r
iacus,yuima
abrouste,yuima
hinohide,yuima
hirokimasuda,yuima
kakeru,yuima
kamatani,yuima
fukasawa,yuima
uchida,yuima
nakahiro,yuima
rnomura,yuima
shimizu,yuima
wjzheng,rqtlnetwork
tdhock,bigplot
richarddmorey,bayesfactorpcl
rouderj,bayesfactorpcl
mmaechler,regdevelop
stahel,regdevelop
blewis,bigmemory
jayemerson,bigmemory
kaneplusplus,bigmemory
zarrar,bigmemory
enea,speedglm
larsronnegard,hglm
moudud,hglm
shenxia,hglm
rp,gvar
cosoribu,gvar
krheinberger,gvar
shenxia,mcibd
nkraemer,plsdof
phgrosjean,rfrench
fdl,rfrench
vincent,rfrench
leydold,rvgtest
sgtchaudhuri,rvgtest
rhijmans,geosphere
hahsler,mmsa
cschwarz,btspas
sbonner,btspas
regetz,ecopd
cadotte,ecopd
hahsler,arulesviz
ch_sudheer1985,arulesviz
heinputter119,mstate
colinpmillar,selectivity
friendly,guerry
sdray,guerry
adamvi,sgp
bdomingue,sgp
dbetebenner,sgp
bocaccio,sgp
jds,sgp
olshen,abo
henrikb,abo
venkat,abo
friendly,histdata
glsnow,teachingdemos
edd,rprotobuf
romain,rprotobuf
alexios1175,africa
sluque,divemove
braverock,returnanalytics
peter_carl,returnanalytics
ezivot,returnanalytics
gauravyadav,returnanalytics
gyollin,returnanalytics
kboudt,returnanalytics
angelabohn,snatm
feinerer,snatm
khornik,snatm
pmair,snatm
anrosp,snatm
boulesteix,globalboosttest
thothorn,globalboosttest
cocwl,lossdev
angelabohn,snadata
fwild,snadata
khornik,snadata
pmair,snadata
berwin,sleuth2
yihui,sleuth2
weston,dompi
blewis,dompi
edd,dompi
arubio,snpsprocessing
henrikb,snpsprocessing
mortiz,snpsprocessing
jezwe,seiv
setiapramana,isogenegui
dylan,aqp
myersdb,aqp
hirmas,aqp
winzeler,aqp
roudierp,aqp
sdorairaj,binom
phofmarc,qfin
chleitne,qfin
khornik,qfin
timotheepoisot,esm
timotheepoisot,scian
matteson,ica4fts
ea75,ica4fts
buuren,mice
mhofert,nacopula
mmaechler,nacopula
justintalbot,rql
crundel,rgeos
rsbivand,rgeos
edzer,rgeos
dece,cvr
tmlunde,rwrf
bbolker,r2admb
thioulouse,preprisa
mewissen,sprint
tsloan,sprint
laurence,sprint
mpiotrow,sprint
spetrou,sprint
andrew_hipp,morton
mmaechler,specfun
petebaker,polysegratio
agbarnett,season
petebaker,season
csgillespie,calibayesr
darrenjw,calibayesr
conor,calibayesr
yuhuichen,calibayesr
jranke,kinfit
jasonkrupert,control
pkonings,wikirobot
kweinert,wzd
ligges,signal
schnackenberg,signal
kmiddleton,abd
rpruim,abd
rebjh,glucpack
stvjc,glucpack
rhijmans,dismo
mkalisch,pcalg
mmaechler,pcalg
maryee,charm
maryee,sqn
danelliottster,mogcovreg
hcorrada,seraphim
harrelfe,fishgraph
viking,fishgraph
nate,fishgraph
rtorres,fishgraph
mhprager,fishgraph
berwin,deconwk
dwarton,smatr3
z3103495,smatr3
rduursma,smatr3
csgillespie,basisr
conor,basisr
yuhuichen,basisr
csgillespie,sbmlmodels
conor,sbmlmodels
yuhuichen,sbmlmodels
nilsw,cshapes
bbuchsbaum,fmrireg
adragulescu,xlsx
deepayan,lattice
felix,lattice
paul,lattice
romain,cpp
arne,linprog
edd,inline
osklyar,inline
romain,inline
jmc,inline
sloiseau,drawexpression
weston,itertools
jramirez,bcvars
jramirez,gapanalysis
kmiddleton,jnt
arnima,hafrodb
gunnaro,hafrodb
jryan,indexing
blewis,indexing
renaud,nmf
jelias,lazymlva
lionelguy,genoplotr
jensroatkultima,genoplotr
chunhuawu,mcmcpanel
esanmiguel,fisheyer
leisch,gsymbols
ingo,gsymbols
tscharl,gsymbols
halpo,pfda
yihui,isu
ekwan,tableplot
friendly,tableplot
nauer,annotationdbix
tscharl,annotationdbix
npritcha,invbingroup
barryrowlingson,fakeplace
maryee,charmdata
ggoerg,lambertw
bwhitcher,rigorous
afs,rigorous
zeripath,rigorous
ktabelow,rigorous
volkerschmid,rigorous
knguyen,mfr
chunhuawu,bayespanel
xavi,reefree
szeridan,vs2010
tcox,tides
thothorn,ipred
mariotomo,logging
iamit,logging
jamitzky,rsparql
tvede,dnatools
simonepadoan,extremalproc
halpo,osplinebasis
jhpitt,gcur
amonecke,sempls
leisch,sempls
kingsebi,sempls
wjzheng,qtlnetworkr
maryee,pdnimblegen
thofab,asur
thomas,asur
manuel,hgam
thothorn,hgam
multidim,hgam
simonepadoan,comprandfld
morenob,comprandfld
knaussde,tonalhierarchy
tanga,uarraydatasets
yangdongsheng,uarraydatasets
j_e_dalton,uarraydatasets
nmorris,uarraydatasets
cahn,uarraydatasets
radivot,uarraydatasets
song,uarraydatasets
sumathymai,uarraydatasets
jefferis,rann
kjetil1001,elemstatlearn
gblanchard,mutoss
kornel,mutoss
mscheer,mutoss
hackniklas,mutoss
dickhaus,mutoss
fkoniet,mutoss
johnros,mutoss
wiebke78,mutoss
richarddmorey,ballisticaccum
mhallquist,mplusautomation
pcrutcher,jacobi
kornel,gsrmtp
float,gsrmtp
delphinecharif,mareymap
jjvanderwal,sdmtools
pcd,functional
pcd,lisp
veccio,sasim
alkehl,rflptools
fflessa,rflptools
stamats,rflptools
zsunjian,seqcnvcbs
nrzhang,seqcnvcbs
mortizest,calmat
cepardot,manu
alexjzc,manu
dryver,acspkg
philippi,acspkg
thibault,geoxp
rsbivand,geoxp
nuest,tcap
kingsebi,orddata
mbojan,mapoland
valentin,synbreed
knaak,synbreed
aui,synbreed
kjschmid,synbreed
theresa,synbreed
bgc,surdes
ngmedina,surdes
ms-du,hergm
gero,luck
pkoch,scmsvn
mbaroni,sigil
schtepf,sigil
aarsta,repitools
dario,repitools
markrobinsonca,repitools
svn_rss,repitools
fwickel,pks
hellerj,pks
pasquale,pks
izmirlig,pwrgsd
anborg,recordlinkage
emsa,recordlinkage
sanfordweisberg,alr3
francoisdelobel,aurelhy
phgrosjean,aurelhy
longor,pi0
meganorr,pi0
hahsler,rprocessing
ch_sudheer1985,rprocessing
mark,pnl
christophe,kml3d
bdesgraupes,kml3d
alexkow,sparkline
domr,panel-htt
bada,panel-htt
bgoodri,migui
syclik,migui
yusung,migui
tengfei,chromatosimul
vahidpartovinia,baybi
danelliottster,alpaydinrnn
brianmhartman,rsln
tengfei,ncdfbrowser
gorodinskiy,rplug
romain,rplug
schielz,rptr
itchyshin,rptr
lml,dmt
opa,dmt
abhishek,dmt
jmoeys,soiltexture
shanggv,soiltexture
bender,rjungler
banoslo,rjungler
extemporaneousb,h5r
hcorrada,h5r
anthonvoyl,traminer
gritschard,traminer
matthias_studer,traminer
nmuller,traminer
skare,fest
jrawbits,travelr
bettinardi,travelr
vincentvanhees,pactivity
vpihur,boe
ccalenge,adehabitat
jfox,norm
hadley,plumbr
lawremi,plumbr
yihui,plumbr
tplate,abind
aruiz,r2drue
bjarki,rgadget
gudthor,rgadget
schmidb,graphcomparison
khadija,graphcomparison
unitsa_sa,parallabel
jmaisog,ptinpoly
cabrera,dnamr
jverzani,gwidgets
stsdan,bradleyterry2
davidf,bradleyterry2
tanga,svild
yangdongsheng,svild
weston,ensemblesvm
tengfei,chromatoplots
tengfei,commandr
dirienzojulio,gdgc
mariadelcromero,gdgc
shepheb1,senspstrat
charlesdupont,senspstrat
walkingsparrow,magnets
kuglerka,topklists
mschimek,topklists
mysickov,topklists
ebudinsk,topklists
hadley,plyr
braverock,deoptim
ardiad,deoptim
edd,deoptim
bodanker,deoptim
kmm,deoptim
kboudt,deoptim
kuglerka,madam
laurinmueller,madam
cimsoc,madam
ecsi,madam
mariotomo,delftfews
iamit,delftfews
kmiddleton,zar5
andresf,geofd
dreiss,medichi
dreiss,cmonkey
sdanzige,cmonkey
laurinmueller,quacn
kuglerka,quacn
mhermans,strat
ghthomas,motmot
schtepf,wordspace
scheike,timereg
conjugateprior,austin
leisch,e1071
dmeyer,e1071
khornik,e1071
stefan7th,e1071
picard,cghseg
edd,gcb
josh,gcb
eweber,gcb
aml05williams,limitob
andyliu52,limitob
dkane,limitob
joleary,limitob
knguyen,limitob
zhangqiaorjc,limitob
yl2,limitob
quality,qualitytools
kwstat,rseedcalc
dkane,backtest
knguyen,backtest
dkane,portfolio
knguyen,portfolio
dkane,lancetiraq
knguyen,lancetiraq
aml05williams,williams
andyliu52,williams
dkane,williams
azeileis,glogis
twindb,glogis
patrick,cohortpower
rune,ordinal
pbazeley,quantcombine
jayemerson,ks-test
taylor3,ks-test
lml,netpro
ouzo,netpro
tplate,timewarp
tplate,holidays
tplate,safelib
tplate,scriptests
tplate,tabbedplots
lwhansen,tabbedplots
tplate,trackobjs
nspeybroeck,decomp
pkonings,decomp
fhusson,factominer
jjosse,factominer
agro,factominer
sle,factominer
fhusson,factominergui
jjosse,factominergui
agro,factominergui
sle,factominergui
tplate,vsa
tplate,rsvgtipsdevice
mdsumner,trip
fhusson,sensominer
agro,sensominer
mcadoret,sensominer
sle,sensominer
fhusson,sensominergui
agro,sensominergui
mcadoret,sensominergui
sle,sensominergui
gonzalez,mixomics
jcoquery,mixomics
klecao,mixomics
pmonget,mixomics
sdejean,mixomics
taylor3,bprop
markowetz,crimage
henrik_86,crimage
yina,crimage
cjgb,rjython
ggrothendieck,rjython
benilton,htsanalyzer
cdat2,htsanalyzer
markowetz,htsanalyzer
jackrose,htsanalyzer
xinwang2uk,htsanalyzer
cjgb,rgsutil
masanao,apl
deleeuw,apl
hofner,gamboostlss
amayr,gamboostlss
schmidm,gamboostlss
dtofighi,rmediation
ronenk,idbg
nielsrhansen,multdiff
alexandersokol,multdiff
munkholt,multdiff
msill,s4vd
kingsebi,s4vd
ycroissant,pglm
valcu,actogram
fulminatio,actogram
bulla,actogram
johnros,tau
talgalili,tau
ebakshy,jjplot
slycoder,jjplot
kopackai,ffd
rpruim,fastr
arich,mosaic
dtkaplan,mosaic
nhorton,mosaic
rpruim,mosaic
sokole,casad
bpfaff,rneos
hahsler,arulesclassify
aradhya,arulesclassify
cjgb,rpython
shenxia,outbred
ronniene,outbred
shenxia,hgwas
mmaechler,curves-etc
hskaug,glmmadmb
arnima,glmmadmb
bbolker,glmmadmb
fhusson,missmda
jjosse,missmda
alanswanson,rstarspan
am_umt,rstarspan
jgrn307,rstarspan
rhijmans,rstarspan
mikewlcheung,metasem
nielsrhansen,ppstat
alexandersokol,ppstat
payseur,realized
aberson,realized
ezivot,realized
slre,metrology
domr,aemd
zsunjian,seqcnv
nrzhang,seqcnv
valcu,rangemapper
jdale,rangemapper
tengfei,eos
benbarnes,compdataviz
aracet,cfl
kornel,cfl
pablomo03,cfl
dutangc,gnetoolbox
alanswanson,climstats
am_umt,climstats
jgrn307,climstats
rhijmans,climstats
siiowl,lsaes
jmoeys,soilwater
mlt,soilwater
natasak,clamix
vlado,clamix
freezenik,bayesr
azeileis,bayesr
kingaa,mpifarm
mdowle,unknownr
jelmer,ipoptr
yina,gograph
c_brickner,tabular
nikko18,tabular
justintalbot,labeling
shenxia,hlikelihood
vaisone,hlikelihood
aarsta,imgur
enriquegc,aiba
denisnog,expdes
ericbferreira,expdes
portya,expdes
markowetz,igir
xinwang2uk,igir
lgatto,rpepxml
raheem,shrink
conor,qfa
alexyoung,qfa
darrenjw,qfa
jheydari,qfa
richarddmorey,massatchance
plummer,bugs-examples
thomas,dca
rsbivand,rgdal
tkeitt,rgdal
barryrowlingson,rgdal
edzer,rgdal
mdsumner,rgdal
dusadrian,qca
tomaschwutz,logitnorm
tomaschwutz,twsnowfall
tomaschwutz,twdemc
tomaschwutz,twkinresp
ingmarvisser,metatest
cbeleites,softclassval
harrys,texmex
janetheffernan,texmex
carolinekeef,texmex
wkw,texmex
kuhn,qsardata
dgerhard,predintervals
markowetz,nemo
xinwang2uk,nemo
mariotomo,rtest
azeileis,semtools
ecmerkle,semtools
arnima,hafroassmt
gunnaro,hafroassmt
sigurdur,hafroassmt
johnhforrest,clusterds
hahsler,clusterds
tsl,survey
thomas,cart
davidhbrown,cart
maier,dirichletreg
mirisola,deducerscaling
ifellows,deducerscaling
mlt,tmdl
mirisola,interate
lselzer,multcompview
spencerg,multcompview
nguyenvq,inference
nguyenvq,robustsurvival
mbojan,intergraph
ecuvelier,galois
klaus,gof
gokmen,c3net
jrgonzalez,gada
rpique,gada
shenxia,vgwas
joechip90,ecomodtools
lafaye,indeptests
abraham,rhrv
mrarthur,rhrv
leandroide,rhrv
mrpepa,rhrv
xoseantonvila,rhrv
dpalonso,rhrv
rkrug,simsurf
ozgurersin,stnn
road2stat,rdouban
ajankevics,mzmatchr
ttaverner,rgtk2extras
jbrownuf07,rgtk2extras
yuliya,rgtk2extras
nguyenvq,newtonraphson
nguyenvq,day2day
schwab,emov
mdelvaux,logopt
fle,logopt
jdegner,centipede
rpique,centipede
markheckmann,openrepgrid
ilvisne,speedr
slycoder,rtm
jelmer,nloptr
shailesh,c3net2
sheed03,multxpert
jrreynol,fmrisim
cdubois,mpmm
jamitzky,r2scheme
sigurdur,geoextras
arnima,geoextras
dxiao,rbigquery
bauersj,rbigquery
jbryer,ipeds
dnugent,ipeds
gacharya,ipeds
meik,klausur
rsbivand,maptools
barryrowlingson,maptools
edzer,maptools
mdsumner,maptools
sluque,maptools
virgil,maptools
rune,sensr
arnima,geo
bjarki,geo
gunnaro,geo
sigurdur,geo
richcalaway,foreach
blewis,foreach
weston,foreach
richcalaway,domc
weston,domc
malecki,apsrtable
richcalaway,dosmp
weston,dosmp
richcalaway,dosnow
weston,dosnow
harrelfe,rms
jgove,sampsurf
tdhock,learnprefs
alexgribov,dataexpl
pille84,dataexpl
drfuka,ecohydrology
zme2,ecohydrology
ashans,ecohydrology
bb386,ecohydrology
jaa78,ecohydrology
mtw5,ecohydrology
vaniarosa,ecohydrology
kingsebi,biclustgui
setiapramana,biclustgui
grafab,mtcreator
benlafleche,bmisc
cepardot,factoclass
dingpengpku,impactiv
markowetz,nea
abertram,renjin
jayemerson,niftir
zarrar,niftir
jbryer,qualtrics
dnugent,qualtrics
jayemerson,yaletoolkit
wagreen,yaletoolkit
tkl083,localgauss
dezadez,consensusmean
dezadez,multiasymptote
wulingyun,crf
nicke,gradientforest
sjsmith,gradientforest
leha,cureos
beissbarth,cureos
sheyde,cureos
seraphim,cureos
olia_np,genmoss
jalospinoso,snopgof
gametheory,gametheory
worldsbrain,fractalbrain
jp_rossi,rich
lbb220,shp2graph
holstius,rcaline
bcomeara,omearalab
bbanbury,omearalab
djhwueng,omearalab
halamillo,omearalab
davidorme,caper
schell,lmmlasso
tobias_verbeke,titanqc
glsnow,obssens
glsnow,blockrand
jthetzel,pba
amolinaro,partdsa
klostritto,partdsa
strawderman,partdsa
weston,partdsa
cstrieder,pasmae
mortiz,sge
djhwueng,bouhyd
djhwueng,mspcm
bclose,kza
bdai,oem
pgilbert,tsanalysis
cstrieder,sads
piklprado,sads
nbaskiot,treerank
zio_tom78,rfitsio
rphilip2004,mirt
hwborchers,subdisc
lbraglia,ifctools
lml,intcomp
olonigdiliginya,intcomp
mwola,icc
altermattw,richoutput
ifellows,richoutput
aleadalardo,ecovirtual
stasinopoullos,gamlss
tilemahos,gamlss
liangkun,mperm
darrenjw,dpeaqms
hjow,dpeaqms
vitalis,detsel
mkh,binomtools
rune,binomtools
thofab,agree
darrenjw,smfsb
edzer,rspatial
rsbivand,rspatial
barryrowlingson,rspatial
mdsumner,rspatial
virgil,rspatial
jsnel,joris
ralfseger,joris
dsamperi,finconductor
marieho,mvpartwrap
francois,phylothuria
briand,stacomir
awaddell,rnavgraph
rwoldford,rnavgraph
frossi,yasomi
tuxette,yasomi
kuhn,rulebasedmodels
weston,rulebasedmodels
biostatmatt,yarr
helmingstay,dossh
paul,gridsvg
sjp,gridsvg
vincent_dk,msgl
nielsrhansen,msgl
bosboer,aflp
pvs82,aflp
allignol,prodlim
tag,prodlim
tagteam,prodlim
psirusteam,psirusteam
nielsrhansen,rangecor
benderc,nem
markowetz,nem
frohlich,nem
beissbarth,nem
xinwang2uk,nem
jie,batman
wja,batman
thomas,timelapse
hwborchers,optimist
ingmarvisser,hmmr
maarten,hmmr
kuhn,fusebox
jmsigner,ccafs-analogues
joshhooker,ccafs-analogues
jramirez,ccafs-analogues
mfigrs,immunoassay
jbryer,multilevelpsa
jmurray1022,sbfac
bpfaff,evir
ben_graeler,spcopula
lawremi,rjavax
nikko18,rjavax
pcd,rjavax
cfuchsberger,gwatoolbox
cpattaro,gwatoolbox
dtaliun,gwatoolbox
cbeleites,arrayhelpers
jsl5,daewr
sartmann,mirtest
beissbarth,mirtest
seraphim,mirtest
mannau,sentiment
stefan7th,sentiment
oscarperpi,solar
murray,mpc
paul,griddebug
sartmann,gsmart
lselzer,plagrowanalysis
jianli,rweibo
jemeireles,treed
solymosi,sqlitemap
beckca,nbpmatching
kaneplusplus,background
bbolker,coefplot2
azeileis,glmx
kleiber,glmx
rkoenker,glmx
patrick,locallikelihood
cboettig,warningsignals
s_d_j_brown,spider
jmaluolar,spider
robcruickshank,spider
racoll,spider
stephane,spider
osorba,segpen
leha,survgenesinter
dtingley,mediation
kosukeimai,mediation
keele50,mediation
tyamamot,mediation
manuel,soccer
donkang75,metaqc
donkang75,metapca
tdhock,quadmod
gagolews,citan
muscrad,phyext
dcs,triangle
felix_s,apim
jesse,apim
masanao,mnbem
mariotomo,gnupg
niteloser,ape
rkoenker,rqpd
sbache,rqpd
kleiber,punitroots
claudiolupi,punitroots
richierocks,projectr
unitsa_sa,paralllogicreg
dsteuer,graviopt
peterkehler,graviopt
tfadiga,necronomicode
vminin,evolmod
statisfactions,playitbyr
tdhock,clusterpath
richcalaway,revoexts
masanao,revoexts
danielmedic,lcmix
alabarga,visualraster
mrzork,mrzork1
moraram,glmmgs
komland,tna-rna
zio_tom78,rhealpix
fbarriga,hdf5
jedick,chnosz
mcasl,amore
javieralfonso,amore
jbmere,amore
oscarperpi,pdcluster
josephk,catdyn
hoven,missforest
vahidpartovinia,mixvarselect
khalili,mixvarselect
andybunn,dplr
mvkorpel,dplr
dylan,plotkml
roudierp,plotkml
thengl,plotkml
richarddmorey,statetrace
pcd,debug
vgiagos,lnar
jcaude,svgmapping
rchampeimont,svgmapping
gsee,twsinstrument
cjgb,pxr
jorgeivanvelez,pxr
oscarperpi,pxr
viciana,pxr
friendly,genridge
singmann,mptinr
roli,vegsoup
gpiras,spse
roudierp,inspectr
fercolchero,bayessurv
lea_quinn,bayessurv
jonesor,bayessurv
jrdeneve,pim
tagteam,pim
othas,pim
pwasiewi,gprepel
benderc,ddepn
sheyde,ddepn
beissbarth,ddepn
alexrickett,cens
ifellows,cens
jedboy,sirad
thengl,gsif
gisxperts,gsif
roudierp,gsif
jperkins,rwoag
bcomeara,phrapl
enricoschumann,nmof
oscarperpi,rastervis
rhijmans,rastervis
nullabee,addendum
pushpak,eventstudies
barryrowlingson,dclusterm
paumose,dclusterm
virgil,dclusterm
rfrelat,ndvits
davidaarmstrong,icpsrmsda
dasonk,rgames
sund,muste
thofab,power
rhochreiter,pommes
gmbecker,fastknn
lawremi,fastknn
nikko18,fastknn
lianos,shikken
cflener,rivr
volkerschmid,bioimagetools
gyollin,sdafe
yneol,r2stats
kin233,ezsim
wokai,rbamtools
dcs,geometry
maarten,simdat
yneol,atelier
alabarga,rumfpack
jacobvanetten,rumfpack
rhochreiter,optmod
rhochreiter,evolutionr
pbreheny,cnvmalta
alabarga,cropcc
jacobvanetten,cropcc
jsimons,cans-works
onertipaday,rxkcd
wheelerb,asset
samsiddhi,asset
fercolchero,basta
lea_quinn,basta
jonesor,basta
hnenzen,demoniche
apdevries,ggcluster
jbeaulieu,ouwie
bcomeara,ouwie
angelabohn,snageo
manuel,osmar
schlusie,osmar
ecomets,saemix
masanao,exgraphs
sinnweja,kinship2
therneau,kinship2
brstone,tskarber
recknagel,ecoinf
walker,multitable
abaselga,betapart
davidorme,betapart
gustavo,cerrado
rlock,stat2data
edunov,rusquant
sanchez,andeanbear
milanbv,rcmdr-tms
stsdan,gslcca
qiang,vpa
petebaker,dryworkflow
ezivot,factoranalytics
gyollin,factoranalytics
chenyian,factoranalytics
bgodlove88,grimm
kaneplusplus,grimm
mattiuzzi5114,getmodis
aklisch,getmodis
aperera,meet
erola,meet
schiffner,locclass
stefanie,locclass
nrzhang,mscp
danielinteract,hypergsplines
stefan7th,euca2ools
chess,euca2ools
nrzhang,fdrcn
cnettel,cnf2freq
tag,riskscore
ezivot,mftsr
gyollin,mftsr
chenyian,mftsr
alsing,rmosek
wangdan412,ima
linwind,georglsm
edd,rvowpalwabbit
jmoeys,easydb
wdweeda,rtanalyze
jthiele,rnetlogo
jgrn307,starstools
ioannis,brglm
jasonlessels,widatagetter
dmbates,pkpd
ecomets,pkpd
